Cours d'eau, Embouchure, Bassin, Longueur (km)
Loire,Océan Atlantique,Loire,1006
Seine,Manche,Seine,775
Rhône,Mer Méditerranée,Rhône,5453
Garonne,Océan Atlantique (estuaire de la Gironde),Garonne,5234
Marne,Seine,Seine,514
Meuse_(fleuve),Mer du Nord,Meuse,4865
Lot,Garonne,Garonne,485
Dordogne,Océan Atlantique (estuaire de la Gironde),Dordogne,483
Saône,Rhône,Rhône,473
Doubs,Saône,Rhône,4306
Allier,Loire,Loire,421
Charente,Océan Atlantique,Charente,381
Tarn,Garonne,Garonne,380
Vienne,Loire,Loire,372
Cher,Loire,Loire,365
Aisne,Oise,Seine,356
Oise,Seine,Seine,3277
Durance,Rhône,Rhône,323
Loir,Sarthe,Loire,319
Moselle,Rhin,Rhin,3148
Sarthe,Maine,Loire,314
Adour,Océan Atlantique,Adour,308
Yonne,Seine,Seine,292
Aveyron,Tarn,Garonne,291
Isère,Rhône,Rhône,286
Indre,Loire,Loire,280
Creuse,Vienne,Loire,263
Isle,Dordogne,Dordogne,255
Aube,Seine,Seine,249
Somme,Manche,Somme,245
Eure,Seine,Seine,229
Aude,Mer Méditerranée,Aude,224
Vilaine,Océan Atlantique (estuaire de la Vilaine),Vilaine,218
Ill,Rhin,Rhin,217
Ognon,Saône,Rhône,214
Vézère,Dordogne,Dordogne,211
Gartempe,Creuse,Loire,205
Mayenne,Maine,Loire,203
Armançon,Yonne,Seine,202
Dronne,Isle,Dordogne,201
Agout,Tarn,Garonne,194
Gave de Pau,Adour,Adour,191
Ain,Rhône,Rhône,190
Baïse,Garonne,Garonne,188
Rhin,Mer du Nord,Rhin,1889
Serein,Yonne,Seine,188
Sauldre,Cher,Loire,184
Gers,Garonne,Garonne,175
Orne,Manche,Orne,170
Viaur,Aveyron,Garonne,168
Truyère,Lot,Garonne,167
Verdon,Durance,Rhône,167
Huisne,Sarthe,Loire,165
Sioule,Allier,Loire,164
Ariège,Garonne,Garonne,163
Meurthe,Moselle,Rhin,161
Sèvre Niortaise,Océan Atlantique,Sèvre Niortaise,158
Luy (inc. Luy de France),Adour,Adour,154
Arnon,Cher,Loire,151
Midouze,Adour,Adour,151
Blavet,Océan Atlantique,Blavet,149
Gave d'Oloron,Gave de Pau,Adour,148
Hérault,Mer Méditerranée,Hérault,148
Oust,Vilaine,Vilaine,145
Risle,Seine,Seine,145
Aulne,Océan Atlantique,Aulne,144
Clain,Vienne,Loire,144
Save,Garonne,Garonne,144
Loing,Seine,Seine,143
Thouet,Loire,Loire,143
Sèvre Nantaise,Loire,Loire,142
Dore,Allier,Loire,140
Vesle,Aisne,Seine,139
Seille,Moselle,Rhin,138
Gimone,Garonne,Garonne,136
Orb,Mer Méditerranée,Orb,136
Hers-Vif,Ariège,Garonne,135
Drot,Garonne,Garonne,132
Iton,Eure,Seine,132
Arrats,Garonne,Garonne,131
Arros,Adour,Adour,130
Drac,Isère,Rhône,130
Sarre,Moselle,Rhin,12910
Arroux,Loire,Loire,128
Cèze,Rhône,Rhône,128
Gardon,Rhône,Rhône,128
Vire,Manche,Vire,128
Arc,Isère,Rhône,127
Chiers,Meuse,Meuse,12711
Aire,Aisne,Seine,126
Ardèche,Rhône,Rhône,125
Douze,Midouze,Adour,124
Loue,Doubs,Rhône,122
Cère,Dordogne,Dordogne,120
Osse,Gélise,Garonne,120
Lay,Océan Atlantique,Lay,119
Lys,Escaut,Escaut,11912
Grand Morin,Marne,Seine,118
Gabas,Adour,Adour,117
Argens,Mer Méditerranée,Argens,116
Dadou,Agout,Garonne,116
Eyre,Océan Atlantique (bassin d'Arcachon),Eyre,116
Ornain,Saulx,Seine,116
Beuvron,Loire,Loire,115
Saulx,Marne,Seine,115
Têt,Mer Méditerranée,Têt,115
Eygues,Rhône,Rhône,114
Tardoire,Bonnieure,Charente,114
Var,Mer Méditerranée,Var,114
Cure,Yonne,Seine,113
Epte,Seine,Seine,113
Auvézère,Isle,Dordogne,112
Drôme,Rhône,Rhône,111
Authie,Manche,Authie,108
Touques,Manche,Touques,108
Taurion,Vienne,Loire,107
Besbre,Loire,Loire,106
Dives,Manche,Dives,105
Célé,Lot,Garonne,104
Rance,Manche,Rance,104
Oudon,Mayenne,Loire,103
Aron,Loire,Loire,101
Essonne,Seine,Seine,101
Seille,Saône,Rhône,101
Arve,Rhône,Rhône,10013
Authion,Loire,Loire,100
Canche,Manche,Canche,100
Louge,Garonne,Garonne,100
Ource,Seine,Seine,100
Arconce,Loire,Loire,99
Boutonne,Charente,Charente,99
Escaut,Mer du Nord,Escaut,9814
Yerres,Seine,Seine,98
Ciron,Garonne,Garonne,97
Couesnon,Manche,Couesnon,97
Erdre,Loire,Loire,97
Grosne,Saône,Rhône,97
Madon,Moselle,Rhin,97
Nied,Sarre,Rhin,9715
Seiche,Vilaine,Vilaine,97
Zorn,Moder,Rhin,97
Serre,Oise,Seine,96
Corrèze,Vézère,Dordogne,95
Cosson,Beuvron,Loire,95
Ouche,Saône,Rhône,95
Petite Creuse,Creuse,Loire,95
Vidourle,Mer Méditerranée,Vidourle,95
Scarpe,Escaut,Escaut,94
Thérain,Oise,Seine,94
Maronne,Dordogne,Dordogne,93
Ouvèze,Rhône,Rhône,93
Sienne,Manche,Sienne,93
Vingeanne,Saône,Rhône,93
Don,Vilaine,Vilaine,92
Èvre,Loire,Loire,92
Gélise,Baïse,Garonne,92
Anglin,Gartempe,Loire,91
Bandiat,Tardoire,Charente,91
Layon,Loire,Loire,90
Aa,Mer du Nord,Aa,89
Golo,Mer Méditerranée (mer Tyrrhénienne),Golo,89
Hers-Mort,Garonne,Garonne,89
Tavignano,Mer Méditerranée (mer Tyrrhénienne),Tavignano,89
Cisse,Loire,Loire,88
Alagnon,Allier,Loire,87
Calavon,Durance,Rhône,87
Cérou,Aveyron,Garonne,87
Claise,Creuse,Loire,87
Dourdou de Camarès,Tarn,Garonne,87
Blaise,Marne,Seine,86
Boulogne,Acheneau,Loire,86
Louts,Adour,Adour,86
Orne,Moselle,Rhin,86
Ourcq,Marne,Seine,86
Petit Morin,Marne,Seine,86
Buëch,Durance,Rhône,85
Chassezac,Ardèche,Rhône,85
Lignon du Velay,Loire,Loire,85
Sélune,Manche,Sélune,85
Vègre,Sarthe,Loire,85
Arize,Garonne,Garonne,84
Bourbince,Arroux,Loire,84
Bouzanne,Creuse,Loire,84
Dourdou de Conques,Lot,Garonne,84
Meu,Vilaine,Vilaine,84
Orbieu,Aude,Aude,84
Ouanne,Loing,Seine,84
Sambre,Meuse,Meuse,8416
Tech,Mer Méditerranée,Tech,84
Arc,Mer Méditerranée,Arc,83
Eyrieux,Rhône,Rhône,83
Seugne,Charente,Charente,83
Tille,Saône,Rhône,83
Ubaye,Durance,Rhône,83
Aure,Vire,Vire,82
Bidouze,Adour,Adour,82
Moder,Rhin,Rhin,82
Suippe,Aisne,Seine,82
Vendée,Sèvre Niortaise,Sèvre Niortaise,82
Agly,Mer Méditerranée,Agly,80
Avre,Eure,Seine,80
Yèvre,Cher,Loire,80
Benaize,Anglin,Loire,79
Douve,Manche,Douve,79
Nive,Adour,Adour,79
Scorff,Océan Atlantique,Scorff,79
Romanche,Drac,Rhône,78
Sée,Manche,Sée,78
Ance,Loire,Loire,77
Auron,Yèvre,Loire,77
Bruche,Ill,Rhin,77
Luy de Béarn,Luy,Adour,77
Tardes,Cher,Loire,77
Asse,Durance,Rhône,76
Clouère,Clain,Loire,76
Ellé,Océan Atlantique,Ellé,76
Braye,Loir,Loire,75
Mortagne,Meurthe,Rhin,75
Petite Baïse,Baïse,Garonne,75
Reyssouze,Saône,Rhône,75
Vezouze,Meurthe,Rhin,75
Auzoue,Gélise,Garonne,74
Salat,Garonne,Garonne,74
Suran,Ain,Rhône,74
Touch,Garonne,Garonne,74
Lez,Rhône,Rhône,73
Neste,Garonne,Garonne,73
Rognon,Marne,Seine,73
Semnon,Vilaine,Vilaine,73
Vonne,Clain,Loire,73
Bourbre,Rhône,Rhône,72
Brenne,Armançon,Seine,72
Dive,Thouet,Loire,72
Dourbie,Tarn,Garonne,72
Fier,Rhône,Rhône,72
Saison,Gave d'Oloron,Adour,72
Salon,Saône,Rhône,72
Seulles,Manche,Seulles,72
Trieux,Manche,Trieux,72
Argenton,Thouet,Loire,71
Dheune,Saône,Rhône,71
Erve,Sarthe,Loire,71
Bléone,Durance,Rhône,70
Doux,Rhône,Rhône,70
Lèze,Ariège,Garonne,70
Tinée,Var,Var,70
Bienne,Ain,Rhône,69
Chée,Saulx,Seine,69
Helpe Majeure,Sambre,Meuse,69
Isac,Vilaine,Vilaine,69
Maulde,Vienne,Loire,69
Moine,Sèvre Nantaise,Loire,69
Aujon,Aube,Seine,68
Bresle,Manche,Bresle,68
Maine,Sèvre Nantaise,Loire,68
Morge,Allier,Loire,68
Seudre,Océan Atlantique,Seudre,68
Aff,Oust,Vilaine,67
Autize,Sèvre Niortaise,Sèvre Niortaise,67
Bès,Truyère,Garonne,67
Cousin,Cure,Seine,67
Othain,Chiers,Meuse,67
Veyle,Saône,Rhône,67
Vie,Dives,Dives,67
Arz,Oust,Vilaine,66
Avre,Somme,Somme,66
Estéron,Var,Var,66
Né,Charente,Charente,66
Roubion,Rhône,Rhône,66
Bouble,Sioule,Loire,65
Chère,Vilaine,Vilaine,65
Ernée,Mayenne,Loire,65
Séoune,Garonne,Garonne,65
Taravo,Mer Méditerranée,Taravo,65
Vair,Meuse,Meuse,65
Échez,Adour,Adour,64
Girou,Hers-Mort,Garonne,64
Lanterne,Saône,Rhône,64
Luzège,Dordogne,Dordogne,64
Sauer,Rhin,Rhin,6417
Acolin,Loire,Loire,63
Bouès,Arros,Adour,63
Charentonne,Risle,Seine,63
Fresquel,Aude,Aude,63
Mouzon,Meuse,Meuse,63
Odet,Océan Atlantique,Odet,63
Petite Sauldre,Sauldre,Loire,63
Rance,Tarn,Garonne,63
Senouire,Allier,Loire,63
Auroue,Garonne,Garonne,62
Auxance,Clain,Loire,62
Azergues,Saône,Rhône,62
Bar,Meuse,Meuse,62
Claie,Oust,Vilaine,62
Leff,Trieux,Trieux,62
Solnan,Seille,Rhône,62
Thoré,Agout,Garonne,62
Vie,Océan Atlantique,Vie,62
Aubetin,Grand Morin,Seine,61
Barguelonne,Garonne,Garonne,61
Béthune,Arques,Arques,61
Gardon d'Alès,Gardon,Rhône,61
Indrois,Indre,Loire,61
Lié,Oust,Vilaine,61
Sor,Agout,Garonne,61
Brame,Gartempe,Loire,60
Lizonne,Dronne,Dordogne,60
Ninian,Oust,Vilaine,60
Rhins,Loire,Loire,60
Somme-Soude,Marne,Seine,60
Touloubre,Mer Méditerranée,Touloubre,60
Varenne,Mayenne,Loire,60
Ailette,Oise,Seine,59
Albarine,Ain,Rhône,59
Deûle,Lys,Escaut,59
Fouzon,Cher,Loire,59
Lignon du Forez,Loire,Loire,59
Vanne,Yonne,Seine,59
Briance,Vienne,Loire,58
Colagne,Lot,Garonne,58
Drôme,Aure,Vire,58
Gave d'Aspe,Gave d'Oloron,Adour,58
Jouanne,Mayenne,Loire,58
Lathan,Authion,Loire,58
Léguer,Manche,Léguer,58
Nied allemande,Nied,Rhin,58
Petit Lay,Lay,Lay,58
Vis,Hérault,Hérault,58
Yvel,Ninian,Vilaine,58
Andelle,Seine,Seine,57
Lemboulas,Tarn,Garonne,57
Rhue,Dordogne,Dordogne,57
Vauvise,Loire,Loire,57
Alène,Aron,Loire,56
Arn,Thoré,Garonne,56
Aumance,Cher,Loire,56
Auvignon,Garonne,Garonne,56
Avance,Garonne,Garonne,56
Céor,Viaur,Garonne,56
Chapeauroux,Allier,Loire,56
Élorn,Océan Atlantique,Élorn,56
Galaure,Rhône,Rhône,56
Largue,Durance,Rhône,56
Léez,Adour,Adour,56
Rivière d'Auray,Océan Atlantique (golfe du Morbihan),Rivière d'Auray,56
Sormonne,Meuse,Meuse,56
Thon,Oise,Seine,56
Voire,Aube,Seine,56
Yon,Lay,Lay,56
Céou,Dordogne,Dordogne,55
Côney,Saône,Rhône,55
Rupt de Mad,Moselle,Rhin,55
Sâne Morte,Sâne Vive,Rhône,55
Sevron,Solnan,Rhône,55
Artuby,Verdon,Rhône,54
Brenne,Seille,Rhône,54
Cesse,Aude,Aude,54
Chavanon,Dordogne,Dordogne,54
Chéran,Fier,Rhône,54
Diège,Dordogne,Dordogne,54
Lary,Isle,Dordogne,54
Lède,Lot,Garonne,54
Orge,Seine,Seine,54
Rère,Sauldre,Loire,54
Vaige,Sarthe,Loire,54
Voueize,Tardes,Loire,54
Arguenon,Manche,Arguenon,53
Berre,Mer Méditerranée,Berre,53
Brenne,Cisse,Loire,53
Juine,Essonne,Seine,53
Loison,Chiers,Meuse,53
Nesque,Sorgue,Rhône,53
Thur,Ill,Rhin,53
Vère,Aveyron,Garonne,53
Chalaronne,Saône,Rhône,52
Côle,Dronne,Dordogne,52
Estampon,Douze,Adour,52
Ével,Blavet,Blavet,52
Falleron,Océan Atlantique,Falleron,52
Gesse,Save,Garonne,52
Goul,Truyère,Garonne,52
Guil,Durance,Rhône,52
Salleron,Anglin,Loire,52
Soulles,Sienne,Sienne,52
Thouaret,Thouet,Loire,52
Verzée,Oudon,Loire,52
Canne,Aron,Loire,51
Doustre,Dordogne,Dordogne,51
Largue,Ill,Rhin,51
Loue,Isle,Dordogne,51
Lunain,Loing,Seine,51
Orne saosnoise,Sarthe,Loire,51
Rahin,Ognon,Rhône,51
Triouzoune,Dordogne,Dordogne,51
Vallière,Solnan,Rhône,51
Abloux,Anglin,Loire,50
Aix,Loire,Loire,50
Andelot,Allier,Loire,50
Aroffe,Meuse,Meuse,50
Barse,Seine,Seine,50
Coise,Loire,Loire,50
Colmont,Mayenne,Loire,50
Gijou,Agout,Garonne,50
Guiers,Rhône,Rhône,50
Helpe Mineure,Sambre,Meuse,50
Nièvre,Loire,Loire,50
Ognon,Acheneau,Loire,50
Petite Leyre,Eyre,Eyre,50
Semme,Gartempe,Loire,50
Smagne,Lay,Lay,50
Vincou,Gartempe,Loire,50
Vologne,Moselle,Rhin,50
Antenne,Charente,Charente,49
Blaise,Eure,Seine,49
Dranse,Rhône (lac Léman),Rhône,49
Fecht,Ill,Rhin,49
Ille,Vilaine,Vilaine,49
Lidoire,Dordogne,Dordogne,49
Loup,Mer Méditerranée,Loup,49
Saleys,Gave d'Oloron,Adour,49
Sânon,Meurthe,Rhin,49
Suize,Marne,Seine,49
Tescou,Tarn,Garonne,49
Vistre,Mer Méditerranée,Vistre,49
Yerre,Loir,Loire,49
Airin,Yèvre,Loire,48
Aran,Adour,Adour,48
Armance,Armançon,Seine,48
Bahus,Adour,Adour,48
Borne,Loire,Loire,48
Huveaune,Mer Méditerranée,Huveaune,48
Hyères,Aulne,Aulne,48
Isole,Ellé,Ellé,48
Jaudy,Manche,Jaudy,48
Oudrache,Bourbince,Loire,48
Ternin,Arroux,Loire,48
Tolzac,Garonne,Garonne,48
Valserine,Rhône,Rhône,48
Amance,Saône,Rhône,47
Baïsole,Baïse,Garonne,47
Bonnieure,Charente,Charente,47
Couze Pavin,Allier,Loire,47
Gapeau,Mer Méditerranée,Gapeau,47
Giffre,Arve,Rhône,47
Gouët,Manche,Gouët,47
Guye,Grosne,Rhône,47
Lauch,Ill,Rhin,47
Mare,Loire,Loire,47
Moselotte,Moselle,Rhin,47
Nohain,Loire,Loire,47
Odon,Orne,Orne,47
Sâne Vive,Seille,Rhône,47
Sornin,Loire,Loire,47
Sumène,Dordogne,Dordogne,47
Trèfle,Seugne,Charente,47
Verdouble,Agly,Agly,47
Vicoin,Mayenne,Loire,47
Bieudre,Allier,Loire,46
Boivre,Clain,Loire,46
Caramy,Argens,Argens,46
Doller,Ill,Rhin,46
Esch,Moselle,Rhin,46
Fiumorbo,Mer Méditerranée,Fiumorbo,46
Giffou,Céor,Garonne,46
Gravona,Prunelli,Prunelli,46
Issoire,Vienne,Loire,46
Issole,Caramy,Argens,46
Jaunay,Vie,Vie,46
Les Usses,Rhône,Rhône,46
Lihoury,Bidouze,Adour,46
Marmande,Cher,Loire,46
Ozanne,Loir,Loire,46
Rouvre,Orne,Orne,46
Selle,Escaut,Escaut,46
Semène,Loire,Loire,46
Sioulet,Sioule,Loire,46
Somme,Loire,Loire,46
Sorgues,Dourdou de Camarès,Garonne,46
Vésubie,Var,Var,46
Auloue,Baïse,Garonne,45
Brêche,Oise,Seine,45
Calonne,Touques,Touques,45
Curé,Océan Atlantique,Curé,45
Eaulne,Arques,Arques,45
Estéous,Adour,Adour,45
Lère,Aveyron,Garonne,45
Lergue,Hérault,Hérault,45
Loyre,Vézère,Dordogne,45
Ouysse,Dordogne,Dordogne,45
Retourne,Aisne,Seine,45
Rivière du Canut,Vilaine,Vilaine,45
Selves,Truyère,Garonne,45
Vesgre,Eure,Seine,45
Alzou,Aveyron,Garonne,44
Arzon,Loire,Loire,44
Asse,Benaize,Loire,44
Auze,Dordogne,Dordogne,44
Beaume,Ardèche,Rhône,44
Branlin,Ouanne,Seine,44
Breuchin,Lanterne,Rhône,44
Dive du Sud,Clain,Loire,44
Eberbach,Sauer,Rhin,44
Ignon,Tille,Rhône,44
Libron,Mer Méditerranée,Libron,44
Louet,Adour,Adour,44
Nahon,Fouzon,Loire,44
Noue,Garonne,Garonne,44
Œil,Aumance,Loire,44
Oignin,Ain,Rhône,44
Petit Buëch,Buëch,Rhône,44
Prunelli,Mer Méditerranée,Prunelli,44
Rizzanese,Mer Méditerranée,Rizzanese,44
Sanguèze,Sèvre Nantaise,Loire,44
Siagne,Mer Méditerranée,Siagne,44
Voulzie,Seine,Seine,44
Aubois,Loire,Loire,43
Bourne,Isère,Rhône,43
Cléry,Loing,Seine,43
Guindy,Jaudy,Jaudy,43
Noireau,Orne,Orne,43
Tude,Dronne,Dordogne,43
Veuvre,Vilaine,Vilaine,43
Vilpion,Serre,Seine,43
Zinsel du Nord,Moder,Rhin,43
Airon,Sélune,Sélune,42
Almont,Seine,Seine,42
Andlau,Ill,Rhin,42
Ardoux,Loire,Loire,42
Aussonnelle,Garonne,Garonne,42
Authre,Cère,Dordogne,42
Barangeon,Yèvre,Loire,42
Douctouyre,Hers-Vif,Garonne,42
Dunières,Lignon du Velay,Loire,42
Durgeon,Saône,Rhône,42
Livenne,Garonne,Garonne,42
Même,Huisne,Loire,42
Ousse,Gave de Pau,Adour,42
Oze,Brenne,Seine,42
Saye,Isle,Dordogne,42
Séran,Rhône,Rhône,42
Théols,Arnon,Loire,42
Valouse,Ain,Rhône,42
Veude,Vienne,Loire,42
Vière,Chée,Seine,42
Arnoult,Charente,Charente,41
Baïse de Lasseube,Gave de Pau,Adour,41
Bertrande,Etze,Dordogne,41
Cance,Rhône,Rhône,41
Combade,Vienne,Loire,41
Estrigon,Midouze,Adour,41
Glane,Vienne,Loire,41
Gouessant,Manche,Gouessant,41
Guyotte,Doubs,Rhône,41
Jordanne,Cère,Dordogne,41
Lambon,Sèvre Niortaise,Sèvre Niortaise,41
Lawe,Lys,Escaut,41
Liamone,Mer Méditerranée,Liamone,41
Mars,Sumène,Dordogne,41
Mignon,Sèvre Niortaise,Sèvre Niortaise,41
Néant,Beuvron,Loire,41
Nivelle,Océan Atlantique,Nivelle,4118
Orbiel,Aude,Aude,41
Renon,Veyle,Rhône,41
Saâne,Manche,Saâne,41
Santoire,Rhue,Dordogne,41
Savoureuse,Allaine,Rhône,41
Semouse,Lanterne,Rhône,41
Sichon,Allier,Loire,41
Surmelin,Marne,Seine,41
Suzon,Ouche,Rhône,41
Ternoise,Canche,Canche,41
Vouzance,Loire,Loire,41
Ance du Sud,Allier,Loire,40
Auzon,Aube,Seine,40
Beuvron,Yonne,Seine,40
Bonne,Drac,Rhône,40
Bourbeuse,Allaine,Rhône,40
Bruxenelle,Saulx,Seine,40
Couze Chambon,Allier,Loire,40
Drouette,Eure,Seine,40
Gier,Rhône,Rhône,40
Herbasse,Isère,Rhône,40
Nonette,Oise,Seine,40
Penzé,Manche,Penzé,40
Roya,Mer Méditerranée,Roya,4019
Superbe,Aube,Seine,40
Taute,Douve,Douve,40
Varèze,Rhône,Rhône,40
Vern,Isle,Dordogne,40
Volp,Garonne,Garonne,40
Yères,Manche,Yères,40
Altier,Chassezac,Rhône,39
Ardre,Vesle,Seine,39
Aven,Océan Atlantique,Aven,39
Bès,Bléone,Rhône,39
Brévenne,Azergues,Rhône,39
Couze d'Ardes,Allier,Loire,39
Doron de Bozel,Isère,Rhône,39
Drée,Arroux,Loire,39
Drugeon,Doubs,Rhône,39
Esves,Creuse,Loire,39
Furan,Loire,Loire,39
Gorre,Vienne,Loire,39
Jabron,Roubion,Rhône,39
Jonte,Tarn,Garonne,39
Laizon,Dives,Dives,39
Lausset,Gave d'Oloron,Adour,39
Lauter,Rhin,Rhin,3920
Léès,Léez,Adour,39
Lézert,Viaur,Garonne,39
Montane,Saint-Bonnette,Dordogne,39
Nère,Sauldre,Loire,39
Orain,Doubs,Rhône,39
Orvanne,Loing,Seine,39
Sasse,Durance,Rhône,39
Selle,Somme,Somme,39
Tarnon,Tarn,Garonne,39
Toulourenc,Ouvèze,Rhône,39
Touyre,Hers-Vif,Garonne,39
Varenne,Arques,Arques,39
Vauvre,Indre,Loire,39
Yvette,Orge,Seine,39
Arcueil,Alagnon,Loire,38
Auzance,Océan Atlantique,Auzance,38
Bez,Midouze,Adour,38
Boucheuse,Auvézère,Dordogne,38
Bouleure,Dive du Sud,Loire,38
Caudeau,Dordogne,Dordogne,38
Fare,Loir,Loire,38
Hurtaut,Serre,Seine,38
Liane,Manche,Liane,38
Maye,Manche,Maye,38
Meuzin,Dheune,Rhône,38
Mosson,Lez,Lez,38
Orvin,Seine,Seine,38
Petite Séoune,Séoune,Garonne,38
Scie,Manche,Scie,38
Sédelle,Creuse,Loire,38
Tholon,Yonne,Seine,38
Treulon,Erve,Loire,38
Vaux,Aisne,Seine,38
Véore,Rhône,Rhône,38
Vizézy,Lignon du Forez,Loire,38
Ailloux,Eau Mère,Loire,37
Ancre,Somme,Somme,37
Argent-Double,Aude,Aude,37
Assou,Dadou,Garonne,37
Bave,Dordogne,Dordogne,37
Bravona,Mer Méditerranée (mer Tyrrhénienne),Bravona,37
Brune,Vilpion,Seine,37
Combeauté,Semouse,Rhône,37
Dolore,Dore,Loire,37
Égrenne,Varenne,Loire,37
Ger,Garonne,Garonne,37
Gland,Oise,Seine,37
Guat mort,Garonne,Garonne,37
Igneraie,Indre,Loire,37
Izaute,Gélise,Garonne,37
Lauquet,Aude,Aude,37
Longeau,Yron,Rhin,37
Maumont,Corrèze,Dordogne,37
Notreure,Loire,Loire,37
Petite Rhue,Rhue,Dordogne,37
Puiseaux,Loing,Seine,37
Réart,Mer Méditerranée,Réart,37
Rimeize,Truyère,Garonne,37
Rivière Saint-Éloi,Océan Atlantique,Rivière Saint-Éloi,37
Vernisson,Puiseaux,Seine,37
Vicdessos,Ariège,Garonne,37
Vrin,Yonne,Seine,37
Yron,Orne,Rhin,37
Ander,Truyère,Garonne,36
Aron,Mayenne,Loire,36
Aubance,Loire,Loire,36
Barbuise,Aube,Seine,36
Chalaux,Cure,Seine,36
Chambon,Sèvre Niortaise,Sèvre Niortaise,36
Colostre,Verdon,Rhône,36
Devise,Charente,Charente,36
Eau Mère,Allier,Loire,36
Ehn,Ill,Rhin,36
Jabron,Durance,Rhône,36
Joos,Gave d'Oloron,Adour,36
Lez,Salat,Garonne,36
Linon,Rance,Rance,36
Marcaoue,Gimone,Garonne,36
Merderet,Douve,Douve,36
Mesvrin,Arroux,Loire,36
Nive des Aldudes,Nive,Adour,36
Ozerain,Brenne,Seine,36
Paillon,Mer Méditerranée,Paillon,36
Rance,Célé,Garonne,36
Rémarde,Orge,Seine,36
Roudon,Loire,Loire,36
Suin,Creuse,Loire,36
Arcis,Léez,Adour,35
Auzon,Sorgue,Rhône,35
Barguelonnette,Barguelonne,Garonne,35
Bezonde,Loing,Seine,35
Bièvre,Seine,Seine,35
Borne,Chassezac,Rhône,35
Boulès,Têt,Têt,35
Bresque,Argens,Argens,35
Cantache,Vilaine,Vilaine,35
Clauge,Doubs,Rhône,35
Couasnon,Authion,Loire,35
Couze,Gartempe,Loire,35
Crieu,Ariège,Garonne,35
Desges,Allier,Loire,35
Doulon,Senouire,Loire,35
Durbion,Moselle,Rhin,35
Gresse,Drac,Rhône,35
Lémance,Lot,Garonne,35
Loddes,Loire,Loire,35
Mauldre,Seine,Seine,35
Mède,Sorgue,Rhône,35
Orthe,Sarthe,Loire,35
Ouette,Mayenne,Loire,35
Rivière d'Étel,Océan Atlantique,Rivière d'Étel,35
Sarre,Blavet,Blavet,35
Soloire,Charente,Charente,35
Son-Sonnette,Charente,Charente,35
Tagnone,Tavignano,Tavignano,35
Tarentaine,Rhue,Dordogne,35
Tenu,Acheneau,Loire,35
Vert,Gave d'Oloron,Adour,35
Veynon,Aron,Loire,35
Andrable,Ance,Loire,34
Apance,Saône,Rhône,34
Ardour,Gartempe,Loire,34
Asco,Golo,Golo,34
Aussoue,Save,Garonne,34
Automne,Oise,Seine,34
Auxence,Seine,Seine,34
Betz,Loing,Seine,34
Borne,Arve,Rhône,34
Boulzane,Agly,Agly,34
Brivet,Loire,Loire,34
Erclin,Escaut,Escaut,34
Flûme,Vilaine,Vilaine,34
Fusain,Loing,Seine,34
Gère,Rhône,Rhône,34
Giessen,Ill,Rhin,34
Illet,Ille,Vilaine,34
Inam,Ellé,Ellé,34
Naon,Sauldre,Loire,34
Nartuby,Argens,Argens,34
Norges,Tille,Rhône,34
Ouin,Sèvre Nantaise,Loire,34
Plaine,Meurthe,Rhin,34
Rébenty,Aude,Aude,34
Roanne,Drôme,Rhône,34
Rougeanne,Fresquel,Aude,34
Rozeille,Creuse,Loire,34
Seuge,Allier,Loire,34
Sonne,Abloux,Loire,34
Sousson,Gers,Garonne,34
Thève,Oise,Seine,34
Vénéon,Romanche,Rhône,34
Vixiège,Hers-Vif,Garonne,34
Aber-Wrac'h,Manche,Aber-Wrac'h,33
Abron,Acolin,Loire,33
Albe,Sarre,Rhin,33
Araize,Oudon,Loire,33
Ay,Manche,Ay,33
Bradascou,Vézère,Dordogne,33
Céroux,Allier,Loire,33
Clarence,Lys,Escaut,33
Dessoubre,Doubs,Rhône,33
Dême,Loir,Loire,33
Dolon,Rhône,Rhône,33
Écaillon,Escaut,Escaut,33
Guyoult,Manche,Guyoult,33
Ibie,Ardèche,Rhône,33
Issoire,Boulogne,Loire,33
Laigne,Seine,Seine,33
Logne,Boulogne,Loire,33
Luech,Cèze,Rhône,33
Mère,Vendée,Sèvre Niortaise,33
Meuvette,Avre,Seine,33
Miosson,Clain,Loire,33
Mossig,Bruche,Rhin,33
Nère,Louge,Garonne,33
Noirieu,Oise,Seine,33
Noxe,Seine,Seine,33
Noye,Avre,Somme,33
Oule,Eygues,Rhône,33
Ouzoum,Gave de Pau,Adour,33
Peyne,Hérault,Hérault,33
Pique,Garonne,Garonne,33
Quincampoix,Seiche,Vilaine,33
Renon,Fouzon,Loire,33
Rosselle,Sarre,Rhin,3321
Ruisseau de la Hure,Ciron,Garonne,33
Seltzbach,Sauer,Rhin,33
Séveraisse,Drac,Rhône,33
Sèves,Douve,Douve,33
Sianne,Alagnon,Loire,33
Solin,Loing,Seine,33
Thongue,Hérault,Hérault,33
Tusson,Braye,Loire,33
Vaunoise,Meu,Vilaine,33
Vence,Meuse,Meuse,33
Venelle,Tille,Rhône,33
Veyre,Allier,Loire,33
Veyre,Célé,Garonne,33
Vioulou,Viaur,Garonne,33
Voise,Eure,Seine,33
Vouge,Saône,Rhône,33
Vrille,Loire,Loire,33
Arly,Isère,Rhône,32
Aume,Charente,Charente,32
Ay,Rhône,Rhône,32
Bandais,Aumance,Loire,32
Boudouyssou,Lot,Garonne,32
Bréda,Isère,Rhône,32
Brévon,Seine,Seine,32
Clamoux,Orbiel,Aude,32
Clarée,Durance,Rhône,32
Conie,Loir,Loire,32
Crusnes,Chiers,Meuse,32
Cuisance,Loue,Rhône,32
Desix,Agly,Agly,32
Durenque,Agout,Garonne,32
Durolle,Dore,Loire,32
Duzon,Doux,Rhône,32
Ébron,Drac,Rhône,32
Eichel,Sarre,Rhin,32
Elle,Vire,Vire,32
Envigne,Vienne,Loire,32
Goyen,Océan Atlantique,Goyen,32
Jalle de Blanquefort,Garonne,Garonne,32
Laize,Orne,Orne,32
Marque,Deûle,Escaut,32
Neste du Louron,Neste,Garonne,32
Omignon,Somme,Somme,32
Ortolo,Mer Méditerranée,Ortolo,32
Ousse des Bois,Gave de Pau,Adour,32
Oyon,Aff,Vilaine,32
Rhonelle,Escaut,Escaut,32
Romme,Loire,Loire,32
Saune,Hers-Mort,Garonne,32
Serène,Aveyron,Garonne,32
Souche,Serre,Seine,32
Travo,Mer Méditerranée (mer Tyrrhénienne),Travo,32
Trézée,Loire,Loire,32
Vernaison,Bourne,Rhône,32
Aber-Benoît,Manche,Aber-Benoît,31
Aigre,Loir,Loire,31
Aigronne,Claise,Loire,31
Alzou,Ouysse,Dordogne,31
Anguison,Yonne,Seine,31
Aquiaulne,Loire,Loire,31
Auzon,Cèze,Rhône,31
Beuvron,Sélune,Sélune,31
Bèze,Saône,Rhône,31
Bienne,Sarthe,Loire,31
Buron,Allier,Loire,31
Colombine,Durgeon,Rhône,31
Divatte,Loire,Loire,31
Druance,Noireau,Orne,31
Fium'Alto,Mer Méditerranée (mer Tyrrhénienne),Fium'Alto,31
Foussarde,Loir,Loire,31
Garon,Rhône,Rhône,31
Gée,Sarthe,Loire,31
Gelon,Isère,Rhône,31
Hâvre,Loire,Loire,31
Irance,Veyle,Rhône,31
Jabron,Verdon,Rhône,31
Lauzon,Rhône,Rhône,31
Lizaine,Allaine,Rhône,31
Nuéjouls,Dourdou de Camarès,Garonne,31
Palais,Lary,Dordogne,31
Palu,Clain,Loire,31
Retjons,Midouze,Adour,31
Sère,Garonne,Garonne,31
Sinaise,Arnon,Loire,31
Tave,Cèze,Rhône,31
Vèbre,Agout,Garonne,31
Visandre,Yerres,Seine,31
Zinsel du Sud,Zorn,Rhin,31
Acheneau,Loire,Loire,30
Aille,Argens,Argens,30
Airou,Sienne,Sienne,30
Allaine,Doubs,Rhône,3022
Allanche,Alagnon,Loire,30
Ambène,Bédat,Loire,30
Anzon,Lignon du Forez,Loire,30
Ardière,Saône,Rhône,30
Argos,Verzée,Loire,30
Artière,Allier,Loire,30
Arvan,Arc,Rhône,30
Aune,Loir,Loire,30
Aveyron,Loing,Seine,30
Béronne,Boutonne,Charente,30
Beuve,Garonne,Garonne,30
Blanche,Durance,Rhône,30
Bonson,Loire,Loire,30
Brézou,Vézère,Dordogne,30
Brionneau,Maine,Loire,30
Bromme,Truyère,Garonne,30
Cernon,Tarn,Garonne,30
Chéran,Oudon,Loire,30
Clignon,Ourcq,Seine,30
Coole,Marne,Seine,30
Couze,Dordogne,Dordogne,30
Don,Orne,Orne,30
Dragne,Aron,Loire,30
Garun,Meu,Vilaine,30
Geloux,Midouze,Adour,30
Gervanne,Drôme,Rhône,30
Gouaneyre,Douze,Adour,30
Guenelle,Marne,Seine,30
Horn,Manche,Horn,30
Ise,Seiche,Vilaine,30
Jaur,Orb,Orb,30
Jauron,Allier,Loire,30
Lendou,Barguelonnette,Garonne,30
Lez,Mer Méditerranée,Lez,30
Ligneron,Vie,Vie,30
Lirou,Orb,Orb,30
Loisance,Couesnon,Couesnon,30
Lys,Layon,Loire,30
Manse,Vienne,Loire,30
Mare,Orb,Orb,30
Marsange,Yerres,Seine,30
Menoge,Arve,Rhône,30
Miodet,Dore,Loire,30
Nièvre d'Arzembouy,Nièvre,Loire,30
Orbiquet,Touques,Touques,30
Portefeuille,Arnon,Loire,30
Ruisseau de Lacanau,Eyre,Eyre,30
Ruisseau de Saulces,Aisne,Seine,30
Saire,Manche,Saire,30
Sarce,Seine,Seine,30
Sorgue,Ouvèze,Rhône,30
Tartagine,Asco,Golo,30
Terrouin,Moselle,Rhin,30
Teyssonne,Loire,Loire,30
Trèvezel,Dourbie,Garonne,30
Trieux,Tardoire,Charente,30
Ure,Orne,Orne,30
Vançon,Durance,Rhône,30
Vaudelle,Sarthe,Loire,30
Yvron,Yerres,Seine,30
Amasse,Loire,Loire,29
Argentor,Charente,Charente,29
Augronne,Semouse,Rhône,29
Boralde Flaujaguèse,Lot,Garonne,29
Burge,Allier,Loire,29
Cailly,Seine,Seine,29
Canner,Moselle,Rhin,29
Cauron,Argens,Argens,29
Cébron,Thouet,Loire,29
Ciboule,Auzance,Auzance,29
Colin,Yèvre,Loire,29
Coulazou,Mosson,Lez,29
Cousances,Aire,Seine,29
Déôme,Cance,Rhône,29
Doron de Belleville,Doron de Bozel,Rhône,29
Eau d'Olle,Romanche,Rhône,29
Furans,Rhône,Rhône,29
Galeizon,Gardon d'Alès,Rhône,29
Gave d'Azun,Gave de Pau,Adour,29
Goire,Vienne,Loire,29
Grenne,Braye,Loire,29
Hyse,Ariège,Garonne,29
Issole,Verdon,Rhône,29
Jet,Odet,Odet,29
Laà,Gave de Pau,Adour,29
Lagoin,Gave de Pau,Adour,29
Lampy,Fresquel,Aude,29
Leysse,Rhône (lac du Bourget),Rhône,29
Lis,Échez,Adour,29
Maine,Seugne,Charente,29
Maulne,Loir,Loire,29
Muze,Tarn,Garonne,29
Petit Gland,Gland,Seine,29
Queune,Allier,Loire,29
Serre,Aveyron,Garonne,29
Siniq,Bromme,Garonne,29
Sou de Val de Daigne,Aude,Aude,29
Sueurre,Rognon,Seine,29
Sulon,Blavet,Blavet,29
Terrette,Taute,Douve,29
Toranche,Loire,Loire,29
Traire,Marne,Seine,29
Trian,Cher,Loire,29
Turdine,Brévenne,Rhône,29
Vallée Javot,Seine,Seine,29
Vandelogne,Auxance,Loire,29
Vert,Lot,Garonne,29
Viosne,Oise,Seine,29
Aër,Ellé,Ellé,28
Anger,Mouzon,Meuse,28
Ardusson,Seine,Seine,28
Avière,Moselle,Rhin,28
Ayza,Louet,Adour,28
Bas,Gabas,Adour,28
Bassanne,Garonne,Garonne,28
Beauronne,Isle,Dordogne,28
Berre,Rhône,Rhône,28
Bevinco,Mer Méditerranée (mer Tyrrhénienne),Bevinco,28
Biesme,Aisne,Seine,28
Brezons,Truyère,Garonne,28
Briande,Dive,Loire,28
Cagne,Mer Méditerranée,Cagne,28
Celle,Arroux,Loire,28
Céret,Cérou,Garonne,28
Chalon,Isère,Rhône,28
Cône,Don,Vilaine,28
Credogne,Dore,Loire,28
Creuzançais,Bouzanne,Loire,28
Cruzzini,Liamone,Liamone,28
Digeanne,Ource,Seine,28
Divette,Manche,Divette,28
Douron,Manche,Douron,28
Ellez,Aulne,Aulne,28
Endre,Argens,Argens,28
Euron,Moselle,Rhin,28
Gand,Rhins,Loire,28
Grée,Loire,Loire,28
Guisane,Durance,Rhône,28
Horn,Schwarzbach,Rhin,2823
Laines,Voire,Seine,28
Laurhibar,Nive,Adour,28
Luzoû,Adour,Adour,28
Mazou,Loire,Loire,28
Monne,Veyre,Loire,28
Petite Thonaise,Théols,Loire,28
Queugne,Cher,Loire,28
Réal Martin,Gapeau,Gapeau,28
Rimarde,Essonne,Seine,28
Ruisseau de l'Épie,Truyère,Garonne,28
Steïr,Odet,Odet,28
Trézence,Boutonne,Charente,28
Udon,Orne,Orne,28
Valière,Vilaine,Vilaine,28
Vianon,Luzège,Dordogne,28
Vieux Jonc,Irance,Rhône,28
Vige,Taurion,Loire,28
Yser,Mer du Nord,Yser,2824
Aisne,Mayenne,Loire,27
Aixette,Vienne,Loire,27
Angillon,Ain,Rhône,27
Anille,Braye,Loire,27
Arac,Salat,Garonne,27
Arbéroue,Lihoury,Adour,27
Aurence,Vienne,Loire,27
Auzon,Bouzanne,Loire,27
Bachelard,Ubaye,Rhône,27
Baignon,Loir,Loire,27
Barbenan,Besbre,Loire,27
Bonnée,Loire,Loire,27
Bresme,Loire,Loire,27
Burande,Dordogne,Dordogne,27
Castellane,Têt,Têt,27
Cheuille,Loire,Loire,27
Cinq Bondes,Claise,Loire,27
Cronce,Allier,Loire,27
Dure,Rougeanne,Aude,27
École,Seine,Seine,27
Falkensteinerbach,Zinsel du Nord,Rhin,27
Ganière,Cèze,Rhône,27
Gazeille,Loire,Loire,27
Gesvres,Erdre,Loire,27
Giscle,Mer Méditerranée,Giscle,27
Glueyre,Eyrieux,Rhône,27
Gourdon,Bouzanne,Loire,27
Gourgeonne,Saône,Rhône,27
Grêne,Vienne,Loire,27
Guic,Léguer,Léguer,27
Hyrôme,Layon,Loire,27
Incon,Maronne,Dordogne,27
Isable,Aix,Loire,27
Isch,Sarre,Rhin,27
Ixeure,Loire,Loire,27
Izaute,Midouze,Adour,27
Joyeuse,Bidouze,Adour,27
Liennet,Théols,Loire,27
Loing,Lay,Lay,27
Loubière,Cher,Loire,27
Lupte,Lemboulas,Garonne,27
Magieure,Cher,Loire,27
Manoire,Isle,Dordogne,27
Marcaissonne,Hers-Mort,Garonne,27
Mimente,Tarnon,Garonne,27
Morge,Isère,Rhône,27
Oron,Collières,Rhône,27
Ougeotte,Saône,Rhône,27
Ouvèze,Rhône,Rhône,27
Reyran,Argens,Argens,27
Rizonne,Dronne,Dordogne,27
Roumer,Loire,Loire,27
Ruisseau des Méances,Seine,Seine,27
Sablonne,Doubs,Rhône,27
Saint-Jean,Adour,Adour,27
Sarre rouge,Sarre,Rhin,27
Sarsonne,Diège,Dordogne,27
Saulière,Luzège,Dordogne,27
Scye,Douve,Douve,27
Sourdoire,Dordogne,Dordogne,27
Thèze,Lot,Garonne,27
Troesne,Epte,Seine,27
Yaigne,Seiche,Vilaine,27
Alrance,Tarn,Garonne,26
Andarge,Aron,Loire,26
Ante,Aisne,Seine,26
Arce,Seine,Seine,26
Ardanavy,Adour,Adour,26
Arnette,Thoré,Garonne,26
Aronde,Oise,Seine,26
Auzon,Ardèche,Rhône,26
Ayroux,Garonne,Garonne,26
Baize,Orne,Orne,26
Bédat,Morge,Loire,26
Bélon,Océan Atlantique,Bélon,26
Bez,Drôme,Rhône,26
Boudigau,Océan Atlantique,Boudigau,26
Brénon,Madon,Rhin,26
Cance,Orne,Orne,26
Canne,Cosson,Loire,26
Choisille,Loire,Loire,26
Crempse,Isle,Dordogne,26
Crise,Aisne,Seine,26
Croc,Nesque,Rhône,26
Dognon,Dordogne,Dordogne,26
Doire,Bertrande,Dordogne,26
Dranse de Morzine,Dranse,Rhône,26
Échandon,Indre,Loire,26
Florièye,Argens,Argens,26
Gagne,Loire,Loire,26
Gave de Cauterets,Gave de Pau,Adour,26
Gèle,Baïse,Garonne,26
Grande Thonaise,Petite Thonaise,Loire,26
Guerge,Couesnon,Couesnon,26
Guignon,Aron,Loire,26
Guiroue,Osse,Garonne,26
Hem,Aa,Aa,26
Huillard,Bezonde,Seine,26
Jolan,Sichon,Loire,26
Lambon,Garonne,Garonne,26
Landion,Armance,Seine,26
Lens,Salat,Garonne,26
Lisos,Garonne,Garonne,26
Louyre,Caudeau,Dordogne,26
Ludon,Midouze,Adour,26
Masse de Prayssas,Garonne,Garonne,26
Merdereau,Sarthe,Loire,26
Modon,Cher,Loire,26
Narais,Huisne,Loire,26
Neez,Gave de Pau,Adour,26
Nie,Boutonne,Charente,26
Nouère,Charente,Charente,26
Orge,Saulx,Seine,26
Oudon,Dives,Dives,26
Ousseau,Touch,Garonne,26
Petite Grosne,Saône,Rhône,26
Petite Seille,Seille,Rhin,26
Rabodeau,Meurthe,Rhin,26
Renaison,Loire,Loire,26
Rieutord,Hérault,Hérault,26
Romaine,Saône,Rhône,26
Romanée,Cousin,Seine,26
Sanne,Dolon,Rhône,26
Selvet,Selves,Garonne,26
Semine,Valserine,Rhône,26
Soudaine,Vézère,Dordogne,26
Souloise,Drac,Rhône,26
Souy,Échez,Adour,26
Tenarre,Saône,Rhône,26
Thironne,Loir,Loire,26
Tourmente,Dordogne,Dordogne,26
Trec,Garonne,Garonne,26
Veuve,Loir,Loire,26
Abatesco,Mer Méditerranée (mer Tyrrhénienne),Abatesco,25
Alesani,Mer Méditerranée (mer Tyrrhénienne),Alesani,25
Arrêt-Darré,Arros,Adour,25
Auzon,Allier,Loire,25
Bairon,Bar,Meuse,25
Barentons,Souche,Seine,25
Belle,Boutonne,Charente,25
Bergons,Adour,Adour,25
Biançon,Siagne,Siagne,25
Bièvre,Sarre,Rhin,25
Bonnette,Aveyron,Garonne,25
Boralde de Saint-Chély-d'Aubrac,Lot,Garonne,25
Bourdic,Gardon,Rhône,25
Boyne,Hérault,Hérault,25
Bramont,Lot,Garonne,25
Briou,Antenne,Charente,25
Brutz,Semnon,Vilaine,25
Casaluna,Golo,Golo,25
Cians,Var,Var,25
Coulagnet,Colagne,Garonne,25
Course,Canche,Canche,25
Croult,Seine,Seine,25
Doron de Beaufort,Arly,Rhône,25
Douffine,Aulne,Aulne,25
Duche,Isle,Dordogne,25
Durdent,Manche,Durdent,25
Duyes,Bléone,Rhône,25
Étangsort,Veuve,Loire,25
Évoissons,Selle,Somme,25
Faye,Dore,Loire,25
Fure,Morge,Rhône,25
Garbet,Salat,Garonne,25
Gardonnette,Dordogne,Dordogne,25
Guillec,Manche,Guillec,25
Hozain,Seine,Seine,25
Lane,Authion,Loire,25
Lauzon,Durance,Rhône,25
Lièpvrette,Giessen,Rhin,25
Lieux,Viaur,Garonne,25
Lison,Loue,Rhône,25
Loise,Loire,Loire,25
Lozon,Taute,Douve,25
Mable,Veude,Loire,25
Madeleine,Bourbeuse,Rhône,25
Marilhou,Sumène,Dordogne,25
Matz,Oise,Seine,25
Minette,Couesnon,Couesnon,25
Môle,Giscle,Giscle,25
Moulon,Yèvre,Loire,25
Négron,Vienne,Loire,25
Ours,Burge,Loire,25
Ourse,Garonne,Garonne,25
Paquine,Touques,Touques,25
Ramel,Loire,Loire,25
Rhonne,Sarthe,Loire,25
Riou Viou,Riou Mort,Garonne,25
Rivière de Penerf,Océan Atlantique,Rivière de Penerf,25
Rivière de Pont-l'Abbé,Océan Atlantique,Rivière de Pont-l'Abbé,25
Ruisseau d'Escalmels,Cère,Dordogne,25
Ruisseau de la Masse,Vert,Garonne,25
Ruisseau du Bernazobre,Sor,Garonne,25
Salaison,Mer Méditerranée,Salaison,25
Sarrampion,Gimone,Garonne,25
Sarthon,Sarthe,Loire,25
Sauzay,Beuvron,Seine,25
Sereine,Rhône,Rhône,25
Sologne,Marmande,Loire,25
Souffel,Ill,Rhin,25
Souye,Luy,Adour,25
Sumène,Loire,Loire,25
Taurou,Orb,Orb,25
Thar,Manche,Thar,25
Vaïre,Coulomp,Var,25
Vallée de Paray,Loir,Loire,25
Vère,Noireau,Orne,25
Vignague,Drot,Garonne,25
Virenque,Vis,Hérault,25
Virlange,Ance du Sud,Loire,25
Yoson,Claise,Loire,25
Yzeron,Rhône,Rhône,25
Aber-Ildut,Océan Atlantique (mer Celtique),Aber-Ildut,24
Agreau,Branlin,Seine,24
Agron,Aire,Seine,24
Aïgue Longue,Luy de Béarn,Adour,24
Allemette,Anglin,Loire,24
Alzon,Gardon,Rhône,24
Andon,Meuse,Meuse,24
Argence,Truyère,Garonne,24
Arre,Hérault,Hérault,24
Audeux,Sesserant,Rhône,24
Béez,Gave de Pau,Adour,24
Bervezou,Célé,Garonne,24
Beuvronne,Marne,Seine,24
Bidassoa,Océan Atlantique,Bidassoa,2425
Bièvre,Beuvron,Loire,24
Bouigane,Lez,Garonne,24
Boulon,Loir,Loire,24
Boulou,Dronne,Dordogne,24
Bramerit,Charente,Charente,24
Brignon,Claise,Loire,24
Buternay,Avre,Seine,24
Canut de Renac,Vilaine,Vilaine,24
Chaise,Arly,Rhône,24
Chiuvone,Rizzanese,Rizzanese,24
Corsiglièse,Tavignano,Tavignano,24
Craon,Airin,Loire,24
Dolo,Argenton,Loire,24
Dourdenne,Drot,Garonne,24
Dunière,Eyrieux,Rhône,24
Égray,Sèvre Niortaise,Sèvre Niortaise,24
Egvonne,Loir,Loire,24
Escotais,Loir,Loire,24
Espézonnette,Allier,Loire,24
Èze,Durance,Rhône,24
Figarella,Mer Méditerranée,Figarella,24
Fillière,Fier,Rhône,24
Fiumicicoli,Rizzanese,Rizzanese,24
Goulaine,Loire,Loire,24
Gourbe,Mayenne,Loire,24
Guiel,Charentonne,Seine,24
Harpies,Écaillon,Escaut,24
Herbon,Arnon,Loire,24
Landion,Aube,Seine,24
Laye,Largue,Rhône,24
Lentillà,Têt,Têt,24
Levrière,Epte,Seine,24
Liège,Diège,Dordogne,24
Mamoul,Dordogne,Dordogne,24
Maury,Né,Charente,24
Méchet,Arroux,Loire,24
Méouzette,Chavanon,Dordogne,24
Moron,Dordogne,Dordogne,24
Morthe,Saône,Rhône,24
Mourgon,Allier,Loire,24
Neuné,Vologne,Rhin,24
Orne champenoise,Sarthe,Loire,24
Oulas,Dadou,Garonne,24
Ourbise,Garonne,Garonne,24
Palais,Isle,Dordogne,24
Parence,Huisne,Loire,24
Peene Becque,Yser,Yser,24
Péruse,Charente,Charente,24
Petit Auvignon,Auvignon,Garonne,24
Petit Midour,Midouze,Adour,24
Plumion,Vaux,Seine,24
Porto,Mer Méditerranée,Porto,24
Rancure,Durance,Rhône,24
Resson,Seine,Seine,24
Rivière de Morlaix,Manche,Rivière de Morlaix,24
Rivière du Bono,Rivière d'Auray,Rivière d'Auray,24
Ruisseau de Larone,Tarn,Garonne,24
Ruisseau de Nadesse,Garonne,Garonne,24
Saint-Bonnette,Corrèze,Dordogne,24
Saunade,Sioulet,Loire,24
Sausseron,Oise,Seine,24
Savasse,Isère,Rhône,24
Schwarzbach,Falkensteinerbach,Rhin,24
Seillonne,Sausse,Garonne,24
Semois,Meuse,Meuse,2426
Soust,Gave de Pau,Adour,24
Uzan,Luy de Béarn,Adour,24
Valouse,Isle,Dordogne,24
Vecchio,Tavignano,Tavignano,24
Vée,Mayenne,Loire,24
Venant,Bouble,Loire,24
Vernazobres,Orb,Orb,24
Verne,Môle,Giscle,24
Vieux Cher,Loire,Loire,24
Weiss,Fecht,Rhin,24
Aigue Brun,Durance,Rhône,23
Alagnonnette,Alagnon,Loire,23
Ardenne,Seiche,Vilaine,23
Arget,Ariège,Garonne,23
Aston,Ariège,Garonne,23
Aubin,Luy de Béarn,Adour,23
Augraben,Rhin,Rhin,23
Auxois,Yonne,Seine,23
Avelon,Thérain,Seine,23
Barbanne,Isle,Dordogne,23
Bénovie,Vidourle,Vidourle,23
Beune,Vézère,Dordogne,23
Bibiche,Moselle,Rhin,23
Blette,Vezouze,Rhin,23
Boëme,Charente,Charente,23
Boisseau,Vauvise,Loire,23
Bon-Nant,Arve,Rhône,23
Botoret,Sornin,Loire,23
Cadoule,Mer Méditerranée,Cadoule,23
Cerveyrette,Durance,Rhône,23
Clidane,Chavanon,Dordogne,23
Cloche,Huisne,Loire,23
Cologne,Somme,Somme,23
Conne,Dordogne,Dordogne,23
Conon,Beuvron,Loire,23
Coronne,Lez,Rhône,23
Coussane,Lot,Garonne,23
Crûme,Sèvre Nantaise,Loire,23
Deux-Évailles,Jouanne,Loire,23
Doron de Termignon,Arc,Rhône,23
Drauzou,Célé,Garonne,23
Drobie,Beaume,Rhône,23
Droude,Gardon,Rhône,23
Eau Bourde,Garonne,Garonne,23
Eau Salée,Argens,Argens,23
Escoutay,Rhône,Rhône,23
Eysse,Eyrieux,Rhône,23
Fango,Mer Méditerranée,Fango,23
Flèche,Manche,Flèche,23
Gai Chatenay,Payré,Payré,23
Geü,Gave de Pau,Adour,23
Grand Arrigan,Luy,Adour,23
Grandrieu,Chapeauroux,Loire,23
Gyronde,Durance,Rhône,23
Hérin,Lez,Rhône,23
Huitrelle,Aube,Seine,23
Jaoul,Viaur,Garonne,23
Laquette,Lys,Escaut,23
Laudot,Sor,Garonne,23
Lauze,Gimone,Garonne,23
Lebot,Truyère,Garonne,23
Ligne,Ardèche,Rhône,23
Limetin,Bezonde,Seine,23
Luye,Durance,Rhône,23
Luzeray,Allier,Loire,23
Moingt,Vizézy,Loire,23
Moivre,Marne,Seine,23
Ognon,Aude,Aude,23
Oso,Mer Méditerranée (mer Tyrrhénienne),Oso,23
Ostriconi,Mer Méditerranée,Ostriconi,23
Ourajoux,Céou,Dordogne,23
Petite Boulogne,Vie,Vie,23
Riou Mort,Lot,Garonne,23
Roselle,Briance,Loire,23
Rotjà,Têt,Têt,23
Rotte,Nied,Rhin,23
Ru du Cuivre,Ouanne,Seine,23
Ruisseau de Barthos,Ciron,Garonne,23
Ruisseau de Cameson,Ayroux,Garonne,23
Ruisseau de Gouaneyre,Ciron,Garonne,23
Ruisseau de Marguestaud,Ruisseau de Saint-Pierre,Garonne,23
Ruisseau de Tréboul,Fresquel,Aude,23
Ruisseau des Ternes,Truyère,Garonne,23
Salindrenque,Gardon de Saint-Jean,Rhône,23
Sauves,Dive,Loire,23
Schwalb,Horn,Rhin,2327
Soude,Somme-Soude,Seine,23
Thérouanne,Marne,Seine,23
Valloirette,Arc,Rhône,23
Vernassonne,Lampy,Aude,23
Vers,Lot,Garonne,23
Verse,Oise,Seine,23
Vignole,Théols,Loire,23
Volane,Ardèche,Rhône,23
Vraine,Vair,Meuse,23
Abéou,Durance,Rhône,22
Ambronne,Hers-Vif,Garonne,22
Arce,Né,Charente,22
Aunat,Garonne,Garonne,22
Auronce,Gave d'Oloron,Adour,22
Auzène,Eyrieux,Rhône,22
Beau,Né,Charente,22
Blind,Ill,Rhin,22
Boler,Moselle,Rhin,22
Boron,Cher,Loire,22
Borrèze,Dordogne,Dordogne,22
Bouzaize,Dheune,Rhône,22
Brevon,Dranse,Rhône,22
Cavo,Mer Méditerranée (mer Tyrrhénienne),Cavo,22
Céans,Buëch,Rhône,22
Cens,Erdre,Loire,22
Chaméane,Eau Mère,Loire,22
Coinon,Eure,Seine,22
Corneilla,Aude,Aude,22
Couarde,Vauvre,Loire,22
Couze de Valbeleix,Couze Pavin,Loire,22
Couzon,Dore,Loire,22
Curraize,Mare,Loire,22
Douzenan,Sioule,Loire,22
Engièvre,Loire,Loire,22
Engranne,Dordogne,Dordogne,22
Fave,Meurthe,Rhin,22
Foivre,Aisne,Seine,22
Foron,Arve,Rhône,22
Fouquet,Giffou,Garonne,22
Gardijol,Hers-Mort,Garonne,22
Gargilesse,Creuse,Loire,22
Gitte,Madon,Rhin,22
Grande Noue d'Hermé,Ruisseau des Méances,Seine,22
Juscle,Gave de Pau,Adour,22
Las Hies,Gave de Pau,Adour,22
Long,Escotais,Loire,22
Lyonne,Bourne,Rhône,22
Massane,Mer Méditerranée,Massane,22
Meuzelle,Magieure,Loire,22
Mue,Seulles,Seulles,22
Nave,Clarence,Escaut,22
Nièvre,Somme,Somme,22
Noblette,Vesle,Seine,22
Oriège,Ariège,Garonne,22
Ozon,Rhône,Rhône,22
Ozon,Vienne,Loire,22
Quillimadec,Manche,Quillimadec,22
Ramberge,Cisse,Loire,22
Ressègue,Célé,Garonne,22
Réveillon,Yerres,Seine,22
Rhoin,Lauve,Rhône,22
Rôge,Lanterne,Rhône,22
Roizonne,Bonne,Rhône,22
Ru de Bréon,Yerres,Seine,22
Ru de Gally,Mauldre,Seine,22
Ruisseau de Tessonne,Garonne,Garonne,22
Ruisseau des Forges,Bradascou,Dordogne,22
Ruisseau des Valses,Lot,Garonne,22
Sagone,Mer Méditerranée,Sagone,22
Saônelle,Meuse,Meuse,22
Sausse,Hers-Mort,Garonne,22
Seignal,Dordogne,Dordogne,22
Sévenne,Rhône,Rhône,22
Slack,Manche,Slack,22
Solenzara,Mer Méditerranée (mer Tyrrhénienne),Solenzara,22
Solre,Sambre,Meuse,22
Sonnette,Son-Sonnette,Charente,22
Taude,Sarthe,Loire,22
Tescounet,Tescou,Garonne,22
Thalie,Corne,Rhône,22
Thin,Sormonne,Meuse,22
Tialle,Dordogne,Dordogne,22
Transon,Charente,Charente,22
Vachères,Durance,Rhône,22
Vaucouleurs,Seine,Seine,22
Verdurette,Vezouze,Rhin,22
Vimbelle,Corrèze,Dordogne,22
Wimereux,Manche,Wimereux,22
Wiseppe,Meuse,Meuse,22
Aliso,Mer Méditerranée,Aliso,21
Ange,Oignin,Rhône,21
Arentèle,Mortagne,Rhin,21
Ars,Vézère,Dordogne,21
Aulouste,Gers,Garonne,21
Avance,Durance,Rhône,21
Bérange,Mer Méditerranée,Bérange,21
Berlou,Gijou,Garonne,21
Bièvre,Rhône,Rhône,21
Bourillon,Cosson,Loire,21
Bouron,Tartasse,Loire,21
Brague,Mer Méditerranée,Brague,21
Brégoux,Mède,Rhône,21
Brézentine,Sédelle,Loire,21
Caillan,Têt,Têt,21
Cause,Arc,Arc,21
Claysse,Cèze,Rhône,21
Conroy,Orne,Rhin,21
Crieulon,Vidourle,Vidourle,21
Dhuis,Surmelin,Seine,21
Dorne,Eyrieux,Rhône,21
Doron des Allues,Doron de Bozel,Rhône,21
Dourduff,Manche,Dourduff,21
Ese,Prunelli,Prunelli,21
Esque,Aure,Vire,21
Etze,Maronne,Dordogne,21
Euille,Garonne,Garonne,21
Eyraud,Dordogne,Dordogne,21
Fion,Marne,Seine,21
Fontaulière,Ardèche,Rhône,21
Frémur,Manche,Frémur,21
Furon,Isère,Rhône,21
Gave de Lourdios,Gave d'Aspe,Adour,21
Géline,Lis,Adour,21
Géüle,Gave de Pau,Adour,21
Grentzbach,Eichel,Rhin,21
Grolle,Petite Rhue,Dordogne,21
Hérisson,Ain,Rhône,21
Houzée,Loir,Loire,21
Jarnossin,Loire,Loire,21
Jeu,Layon,Loire,21
Laüs,Bouès,Adour,21
Leyrenne,Taurion,Loire,21
Lignon,Ardèche,Rhône,21
Ligoire,Esves,Loire,21
Ligoure,Briance,Loire,21
Luzoué,Gave de Pau,Adour,21
Madrange,Vézère,Dordogne,21
Marchadaine,Issoire,Loire,21
Marconne,Loir,Loire,21
Marmareko erreka,Aran,Adour,21
Néal,Rance,Rance,21
Neste d'Oô,Pique,Garonne,21
Nive d'Arnéguy,Nive,Adour,21
Oir,Sélune,Sélune,21
Orbise,Corne,Rhône,21
Ourden,Adour,Adour,21
Payre,Rhône,Rhône,21
Petit Thérain,Thérain,Seine,21
Pontet,Arnon,Loire,21
Queffleut,Rivière de Morlaix,Rivière de Morlaix,21
Rhôny,Vistre,Vistre,21
Riaille,Calavon,Rhône,21
Riou de Jabron,Durance,Rhône,21
Rioumau,Bès,Garonne,21
Rivière de Noyalo,Océan Atlantique (golfe du Morbihan),Rivière de Noyalo,21
Roanne,Corrèze,Dordogne,21
Ru d'Avon,Yerres,Seine,21
Ruisseau de Bagas,Agout,Garonne,21
Ruisseau de Bourbon,Garonne,Garonne,21
Ruisseau de Castera,Eyre,Eyre,21
Ruisseau de Neuffonds,Tarentaine,Dordogne,21
Ruisseau de Rebenty,Fresquel,Aude,21
Ruisseau de Saint-Lambert,Aisne,Seine,21
Ruisseau de Saint-Pierre,Garonne,Garonne,21
Ruisseau de Tenten,Lampy,Aude,21
Salagou,Lergue,Hérault,21
Saucats,Garonne,Garonne,21
Ster Goz,Aven,Aven,21
Tartasse,Cher,Loire,21
Tarun,Ével,Blavet,21
Thalbach,Ill,Rhin,21
Tharonne,Beuvron,Loire,21
Tolerme,Bave,Dordogne,21
Tourbe,Aisne,Seine,21
Ubayette,Ubaye,Rhône,21
Vau de Bouche,Cure,Seine,21
Woigot,Orne,Rhin,21
Aiguette,Aude,Aude,20
Ante,Dives,Dives,20
Auve,Aisne,Seine,20
Baup,Salat,Garonne,20
Baysère,Baïse de Lasseube,Adour,20
Bournègue,Drot,Garonne,20
Bouvade,Moselle,Rhin,20
Broussau,Adour,Adour,20
Colon,Madon,Rhin,20
Coulomp,Var,Var,20
Ennuye,Eygues,Rhône,20
Esches,Oise,Seine,20
Francés,Ouysse,Dordogne,20
Furand,Isère,Rhône,20
Glandon,Arc,Rhône,20
Gua,Garonne,Garonne,20
Homol,Cèze,Rhône,20
Isson,Marne,Seine,20
Lakako erreka,Nive,Adour,20
Lieux de Villelongue,Lézert,Garonne,20
Mouge,Saône,Rhône,20
Nançon,Couesnon,Couesnon,20
Payroux,Clain,Loire,20
Rahun,Aff,Vilaine,20
Renne,Aujon,Seine,20
Riberette,Mer Méditerranée,Riberette,20
Rivièrette,Boudouyssou,Garonne,20
Riviérette,Sambre,Meuse,20
Ruisseau de Roannes,Cère,Dordogne,20
Saint-Geyrac,Manoire,Dordogne,20
Salereine,Sauldre,Loire,20
Scey,Ognon,Rhône,20
Soanan,Azergues,Rhône,20
Tâtre,Trèfle,Charente,20
Tourmente,Indrois,Loire,20
Trévelo,Vilaine,Vilaine,20
Yar,Manche,Yar,20
